,Title,Lyrics,Album,Tokens,New_Input_vect,Lyrics_Embeddings
0,Tim McGraw,"He said the way my blue eyes shined
Put those Georgia stars to shame that night
I said: That's a lie
Just a boy in a Chevy truck that had a tendency
Of getting stuck on backroads at night

And I was right there beside him all summer long
And then the time we woke up to find that summer gone, but

When you think Tim McGraw, I hope you think my favorite song
The one we danced to all night long
The Moon like a spotlight on the lake
When you think happiness
I hope you think that little black dress
Think of my head on your chest
And my old faded blue jeans
When you think Tim McGraw
I hope you think of me

September saw a month of tears
And thanking God that you weren't here
To see me like that
But in a box beneath my bed
Is a letter that you never read
From three summers back

It's hard not to find it all a little bittersweet
And looking back on all of that, it's nice to believe

But when you think Tim McGraw
I hope you think my favorite song
The one we danced to all night long
The Moon like a spotlight on the lake
When you think happiness
I hope you think that little black dress
Think of my head on your chest
And my old faded blue jeans
When you think Tim McGraw
I hope you think of me

And I'm back for the first time since then
I'm standing on your street
And there's a letter left on your doorstep
And the first thing that you'll read is

When you think Tim McGraw
I hope you think my favorite song
Some day you'll turn your radio on
I hope it takes you back to that place
When you think happiness
I hope you think that little black dress
Think of my head on your chest
And my old faded blue jeans
When you think Tim McGraw
I hope you think of me

Oh, think of me

You said the way my blue eyes shined
Put those Georgia stars to shame that night
I said: That's a lie",Taylor Swift (Debut),"['said', 'way', 'blue', 'eye', 'shined', 'put', 'georgia', 'star', 'shame', 'night', 'said', 'lie', 'boy', 'chevy', 'truck', 'tendency', 'getting', 'stuck', 'backroads', 'night', 'right', 'beside', 'summer', 'long', 'time', 'woke', 'find', 'summer', 'gone', 'think', 'tim', 'mcgraw', 'hope', 'think', 'favorite', 'song', 'one', 'danced', 'night', 'long', 'moon', 'like', 'spotlight', 'lake', 'think', 'happiness', 'hope', 'think', 'little', 'black', 'dress', 'think', 'head', 'chest', 'old', 'faded', 'blue', 'jean', 'think', 'tim', 'mcgraw', 'hope', 'think', 'september', 'saw', 'month', 'tear', 'thanking', 'god', 'see', 'like', 'box', 'beneath', 'bed', 'letter', 'never', 'read', 'three', 'summer', 'back', 'hard', 'find', 'little', 'bittersweet', 'looking', 'back', 'nice', 'believe', 'think', 'tim', 'mcgraw', 'hope', 'think', 'favorite', 'song', 'one', 'danced', 'night', 'long', 'moon', 'like', 'spotlight', 'lake', 'think', 'happiness', 'hope', 'think', 'little', 'black', 'dress', 'think', 'head', 'chest', 'old', 'faded', 'blue', 'jean', 'think', 'tim', 'mcgraw', 'hope', 'think', 'back', 'first', 'time', 'since', 'standing', 'street', 'letter', 'left', 'doorstep', 'first', 'thing', 'read', 'think', 'tim', 'mcgraw', 'hope', 'think', 'favorite', 'song', 'day', 'turn', 'radio', 'hope', 'take', 'back', 'place', 'think', 'happiness', 'hope', 'think', 'little', 'black', 'dress', 'think', 'head', 'chest', 'old', 'faded', 'blue', 'jean', 'think', 'tim', 'mcgraw', 'hope', 'think', 'think', 'said', 'way', 'blue', 'eye', 'shined', 'put', 'georgia', 'star', 'shame', 'night', 'said', 'lie']","[[-0.00909424 -0.04418945  0.09960938 ...  0.14453125  0.18066406
  -0.08691406]
 [ 0.15332031  0.07177734 -0.02416992 ...  0.02844238 -0.09960938
   0.0324707 ]
 [ 0.0390625   0.08642578  0.22363281 ...  0.04663086  0.02258301
  -0.15722656]
 ...
 [ 0.01574707  0.07666016 -0.03222656 ... -0.1171875   0.16894531
  -0.05126953]
 [-0.00909424 -0.04418945  0.09960938 ...  0.14453125  0.18066406
  -0.08691406]
 [ 0.10205078 -0.09765625  0.31640625 ... -0.10693359  0.13378906
   0.12304688]]","[ 0.03171197  0.06633075  0.03743086  0.11542765 -0.01792012 -0.0633387
  0.07879393 -0.14614473  0.07289185  0.07130607 -0.02733007 -0.11802923
 -0.01102877  0.01800292 -0.11924634  0.07674531  0.04201499  0.17118274
 -0.00722092 -0.09993279 -0.03294609  0.07618667  0.0431113  -0.06286603
  0.02872932 -0.02483088 -0.03735821  0.04719649  0.06682438  0.01012197
 -0.03328363  0.05035227 -0.01094108 -0.00186355  0.03931716 -0.02051413
  0.0839514   0.02289095 -0.02589504  0.0944473   0.02685643 -0.07870474
  0.14595242 -0.043433    0.01329469  0.00816854 -0.02764608 -0.05233828
  0.01692156  0.05684754 -0.02601659  0.06933664 -0.0023285  -0.02007276
  0.04717035  0.00951688 -0.00544616 -0.03938955  0.05127096 -0.0706175
 -0.04457952  0.08726633 -0.07611603 -0.02734787  0.00721451 -0.01058223
 -0.06493764  0.04611134 -0.01027636  0.10469555  0.0618465   0.05154629
  0.05220167  0.02990481 -0.16983725 -0.03418688  0.06942082  0.0736989
  0.07043036  0.12304346  0.02200598 -0.02836819  0.03470045 -0.06094115
 -0.06175214 -0.00255464 -0.08857565  0.07818209  0.04309113  0.01901017
  0.03631577  0.05053027 -0.08300221 -0.05650917 -0.07615153 -0.07112543
  0.07713815  0.07973573  0.01985581 -0.03287934 -0.09502016 -0.04885643
  0.09146328  0.00443978 -0.01417138 -0.01069624  0.02072284 -0.03045304
 -0.01824475 -0.07475676 -0.04277609  0.00583237  0.02849035  0.01831036
  0.07987309 -0.04413193  0.04334513 -0.02461137  0.00861915  0.0634464
 -0.06229866  0.0052592  -0.06343986  0.05605829 -0.00180047 -0.03289444
 -0.04243478 -0.01804396 -0.01248066  0.01810449 -0.06554439 -0.12868005
 -0.05480563  0.03167108  0.00292438 -0.04089101 -0.02511939  0.05333362
  0.03089953  0.08243824  0.04794373 -0.0864221   0.02704033 -0.00258172
  0.00203985  0.05574264 -0.06431334 -0.07302541 -0.04134834 -0.11181443
  0.06635714  0.05184597 -0.09880535  0.07646293 -0.00437493 -0.04228745
 -0.01487048 -0.08549486 -0.0810368   0.00135786 -0.00192752  0.06918633
  0.08080704 -0.00378576  0.07928292 -0.12151043  0.02971623 -0.08267864
 -0.01348851  0.00736052 -0.07352961  0.02402628 -0.02404452 -0.03746949
 -0.06209823 -0.00432964  0.09813471 -0.08075556 -0.00091358 -0.00024302
 -0.07894661 -0.03095088  0.02226426  0.06404447 -0.0646215  -0.06250921
 -0.0694246   0.02798567  0.09252755  0.04224229  0.05679663 -0.00157183
  0.05233297  0.00291478 -0.02080642  0.04180049  0.0095114   0.04086814
 -0.05104571 -0.06138598  0.00528616  0.00924963 -0.06680894 -0.06691395
  0.06132937 -0.05519525 -0.02350836  0.02014511  0.00526551  0.02290756
 -0.06860553  0.11604302 -0.04909401 -0.01463763 -0.0811936  -0.03129608
  0.03609546 -0.02014292 -0.06935821 -0.03147029 -0.04874227 -0.01666959
 -0.00410409  0.01852213  0.01123113 -0.08010939  0.06236495  0.02037364
 -0.03131323 -0.01308057  0.02056324 -0.04781684 -0.01556817  0.02987759
  0.03205099  0.02234229 -0.03406731 -0.07618695  0.0845265   0.02943797
  0.08689253  0.01153065 -0.03794922 -0.08916394 -0.04970402  0.03367378
  0.05964007  0.05071793  0.04392637 -0.0362605  -0.02707593  0.05997476
  0.11025063  0.12838219  0.03497411 -0.06211691  0.00856842  0.03973468
 -0.0546419  -0.0922364  -0.04608189 -0.0019606  -0.01409973  0.02038918
  0.05942526  0.10658895  0.01169735 -0.0093318  -0.08020191  0.025507
  0.03216044  0.06145883  0.10520795  0.04581609  0.03157447 -0.04630052
 -0.07429294 -0.10702164 -0.03909354 -0.00313116  0.00591085  0.00836348
  0.04398469  0.05861918  0.0145824  -0.03405209 -0.09434097  0.04215508
  0.00370964  0.02890501 -0.03694561  0.0594849  -0.09645808 -0.00487865
 -0.0482632  -0.08271457  0.02378797 -0.04782168  0.04243296 -0.00796465]"
1,Picture to Burn,"State the obvious, I didn't get my perfect fantasy
I realize you love yourself more than you could ever love me
So go and tell your friends that I'm obsessive and crazy
That's fine, you won't mind if I say
By the way
I hate that stupid old pickup truck you never let me drive
You're a redneck heartbreak who's really bad at lying
So watch me strike a match on all my wasted time
As far as I'm concerned, you're just another picture to burn
There's no time for tears
I'm just sitting here planning my revenge
There's nothing stopping me
From going out with all of your best friends
And if you come around saying sorry to me
My daddy's gonna show you how sorry you'll be
'Cause I hate that stupid old pickup truck you never let me drive
You're a redneck heartbreak who's really bad at lying
So watch me strike a match on all my wasted time
As far as I'm concerned, you're just another picture to burn
And if you're missing me, you'd better keep it to yourself
'Cause coming back around here would be bad for your health
'Cause I hate that stupid old pickup truck you never let me drive
You're a redneck heartbreak who's really bad at lying
So watch me strike a match on all my wasted time
In case you haven't heard, I really, really hate that
Stupid old pickup truck you never let me drive
You're a redneck heartbreak who's really bad at lying
So watch me strike a match on all my wasted time
As far as I'm concerned, you're just another picture to burn
Burn, burn, burn, baby, burn
Just another picture to burn
Baby, burn",Taylor Swift (Debut),"['state', 'obvious', 'get', 'perfect', 'fantasy', 'realize', 'love', 'could', 'ever', 'love', 'go', 'tell', 'friend', 'obsessive', 'crazy', 'fine', 'mind', 'say', 'way', 'hate', 'stupid', 'old', 'pickup', 'truck', 'never', 'let', 'drive', 'redneck', 'heartbreak', 'really', 'bad', 'lying', 'watch', 'strike', 'match', 'wasted', 'time', 'far', 'concerned', 'another', 'picture', 'burn', 'time', 'tear', 'sitting', 'planning', 'revenge', 'nothing', 'stopping', 'going', 'best', 'friend', 'come', 'around', 'saying', 'sorry', 'daddy', 'gonna', 'show', 'sorry', 'cause', 'hate', 'stupid', 'old', 'pickup', 'truck', 'never', 'let', 'drive', 'redneck', 'heartbreak', 'really', 'bad', 'lying', 'watch', 'strike', 'match', 'wasted', 'time', 'far', 'concerned', 'another', 'picture', 'burn', 'missing', 'better', 'keep', 'cause', 'coming', 'back', 'around', 'would', 'bad', 'health', 'cause', 'hate', 'stupid', 'old', 'pickup', 'truck', 'never', 'let', 'drive', 'redneck', 'heartbreak', 'really', 'bad', 'lying', 'watch', 'strike', 'match', 'wasted', 'time', 'case', 'heard', 'really', 'really', 'hate', 'stupid', 'old', 'pickup', 'truck', 'never', 'let', 'drive', 'redneck', 'heartbreak', 'really', 'bad', 'lying', 'watch', 'strike', 'match', 'wasted', 'time', 'far', 'concerned', 'another', 'picture', 'burn', 'burn', 'burn', 'burn', 'baby', 'burn', 'another', 'picture', 'burn', 'baby', 'burn']","[[ 0.0144043  -0.04907227  0.07373047 ... -0.07958984  0.00445557
  -0.03344727]
 [ 0.2421875   0.06396484 -0.25585938 ... -0.10449219 -0.02600098
   0.0246582 ]
 [ 0.03320312 -0.08984375 -0.29492188 ... -0.12695312  0.16113281
  -0.16015625]
 ...
 [ 0.18359375  0.11132812  0.15136719 ...  0.06225586 -0.1328125
  -0.02404785]
 [ 0.03393555  0.08349609 -0.12402344 ...  0.04882812 -0.28320312
   0.09814453]
 [ 0.18359375  0.11132812  0.15136719 ...  0.06225586 -0.1328125
  -0.02404785]]","[ 0.09188945  0.03739006  0.05595479  0.1018898  -0.03476196  0.03943858
  0.05443339 -0.08344665  0.11056447  0.11593843  0.01050679 -0.1386731
 -0.03471212  0.04181397 -0.07657837  0.05737539  0.03827026  0.0887087
 -0.00617513 -0.11491363  0.00288503  0.05342021  0.04009908 -0.03281163
  0.09831655  0.01349528 -0.05051422  0.0315963   0.08065902 -0.02356262
 -0.04663948  0.06819315 -0.02906932 -0.05833018  0.00323853 -0.00090291
  0.11813516 -0.03988579 -0.00192485  0.11407186  0.10891317 -0.05864268
  0.19517975 -0.05452159 -0.06535647 -0.05936625 -0.01762718  0.0240446
  0.0226825   0.03529429 -0.05479289  0.07634235 -0.00068359 -0.00606181
  0.02088155  0.00277547 -0.03021276 -0.06306315  0.04543782 -0.02942688
  0.01043269  0.06515244 -0.07836833 -0.03971659 -0.01190908  0.02319061
 -0.01788376  0.07281321 -0.07649231  0.04341146  0.04695109  0.0355753
  0.03556305 -0.02973012 -0.1874235  -0.00774913  0.04744975  0.04784292
  0.06519964  0.09852987  0.00206431 -0.02213033  0.04258265 -0.00533569
 -0.04620851 -0.04050771 -0.11278198  0.16522786  0.00340396  0.01070719
  0.02667714  0.06882192 -0.05034627 -0.04088773 -0.07716268 -0.06691503
  0.09948067  0.08496104 -0.01805216 -0.01589561 -0.08732218 -0.01110331
  0.06916118 -0.02961192  0.05163432 -0.0672025   0.01891841 -0.06680166
  0.02763265 -0.06313538 -0.03604624 -0.05648229 -0.01852107 -0.02521549
  0.09992466 -0.06537882  0.06722087 -0.01801381  0.00495005  0.08778737
 -0.1004008   0.03995727 -0.04310486  0.05889921 -0.0404956  -0.05303813
 -0.03764694 -0.03056193 -0.02571452 -0.03459691 -0.06410705 -0.10638876
 -0.0513207   0.01203735 -0.00255188 -0.03928785  0.03052465  0.06721651
  0.00062108  0.08692505  0.06959575 -0.06983421  0.05480713 -0.02567668
  0.00921753  0.04347005 -0.08486992 -0.07180099 -0.05002045 -0.09097087
  0.13327987  0.07283661 -0.06459961  0.06305412 -0.06272217  0.01021405
 -0.0067687  -0.12950991 -0.06877116 -0.06592468 -0.02616414  0.08565593
  0.02060404  0.02103597  0.0356956  -0.0995239   0.12313049 -0.0900223
  0.02746735 -0.04373342 -0.0640523  -0.02828473 -0.0196464  -0.04731618
 -0.02529399 -0.01589188  0.11960185 -0.04629311 -0.04722648  0.0166451
 -0.05794322 -0.09729411  0.05550975  0.02831751 -0.03847524 -0.02296651
 -0.09479462  0.0314798   0.05973877  0.06921244  0.10083929  0.01295057
  0.03671936  0.06949829  0.00386789  0.0787238  -0.00511587 -0.02100708
 -0.07188344 -0.05837118 -0.00857788  0.0199174  -0.08373413 -0.01658346
  0.0620404  -0.03213704 -0.05385742  0.00394501  0.00713175 -0.03376353
  0.00094797  0.07968221 -0.03610338  0.03635071 -0.08974019  0.00929423
  0.05747233 -0.01986268 -0.15126444 -0.02956441 -0.07164633  0.01044749
  0.02448751 -0.01245954  0.0526355  -0.07461141  0.06393041  0.01423253
  0.01625076 -0.02372742  0.02514081 -0.0185496   0.03267415  0.00585785
  0.03965385 -0.00480072 -0.01716309 -0.07423861  0.06574453  0.00251333
  0.10650757  0.02460576 -0.00732468 -0.1101516  -0.06960225  0.03581238
  0.01520599  0.01411987  0.01878006 -0.05336426  0.02983053  0.05371541
  0.09931834  0.10089844  0.05879552 -0.02794922 -0.00960185  0.02031204
 -0.04486654 -0.1036674  -0.06457611 -0.01002523 -0.08615071  0.03171977
  0.03254472  0.0748345  -0.03904917 -0.00774546 -0.05148885  0.0188446
  0.02903582  0.11614085  0.1318339   0.03457337 -0.01240977 -0.07884745
 -0.08415975 -0.05897446 -0.05910156 -0.00325405  0.04794922 -0.02356832
  0.01888931  0.03977621 -0.04161823 -0.05758469 -0.08564616 -0.00079112
  0.01790227  0.02788895 -0.05974406  0.07909586 -0.10829231  0.02424723
 -0.06471415 -0.02993538 -0.01927026 -0.07258962 -0.00805013 -0.05003154]"
2,Teardrops on My Guitar,"Drew looks at me, I fake a smile so he won't see
That I want and I'm needing everything that we should be
I'll bet she's beautiful, that girl he talks about
And she's got everything that I have to live without
Drew talks to me, I laugh 'cause it's just so funny
But I can't even see anyone when he's with me
He says he's so in love, he's finally got it right
I wonder if he knows he's all I think about at night
He's the reason for the teardrops on my guitar
The only thing that keeps me wishing on a wishing star
He's the song in the car I keep singing, don't know why I do
Drew walks by me, can he tell that I can't breathe?
And there he goes, so perfectly
The kind of flawless I wish I could be
She'd better hold him tight, give him all her love
Look in those beautiful eyes and know she's lucky 'cause
He's the reason for the teardrops on my guitar
The only thing that keeps me wishing on a wishing star
He's the song in the car I keep singing, don't know why I do
So I drive home alone, as I turn out the light
I'll put his picture down and maybe get some sleep tonight
'Cause he's the reason for the teardrops on my guitar
The only one who's got enough of me to break my heart
He's the song in the car I keep singing, don't know why I do
He's the time taken up, but there's never enough
And he's all that I need to fall into
Drew looks at me, I fake a smile so he won't see",Taylor Swift (Debut),"['drew', 'look', 'fake', 'smile', 'see', 'want', 'needing', 'everything', 'bet', 'beautiful', 'girl', 'talk', 'got', 'everything', 'live', 'without', 'drew', 'talk', 'laugh', 'cause', 'funny', 'even', 'see', 'anyone', 'say', 'love', 'finally', 'got', 'right', 'wonder', 'know', 'think', 'night', 'reason', 'teardrop', 'guitar', 'thing', 'keep', 'wishing', 'wishing', 'star', 'song', 'car', 'keep', 'singing', 'know', 'drew', 'walk', 'tell', 'breathe', 'go', 'perfectly', 'kind', 'flawless', 'wish', 'could', 'better', 'hold', 'tight', 'give', 'love', 'look', 'beautiful', 'eye', 'know', 'lucky', 'cause', 'reason', 'teardrop', 'guitar', 'thing', 'keep', 'wishing', 'wishing', 'star', 'song', 'car', 'keep', 'singing', 'know', 'drive', 'home', 'alone', 'turn', 'light', 'put', 'picture', 'maybe', 'get', 'sleep', 'tonight', 'cause', 'reason', 'teardrop', 'guitar', 'one', 'got', 'enough', 'break', 'heart', 'song', 'car', 'keep', 'singing', 'know', 'time', 'taken', 'never', 'enough', 'need', 'fall', 'drew', 'look', 'fake', 'smile', 'see']","[[ 0.23535156  0.20410156  0.35742188 ... -0.20410156  0.02734375
   0.03088379]
 [-0.17089844  0.1796875   0.02294922 ...  0.03881836 -0.00994873
  -0.03149414]
 [ 0.17382812  0.03833008  0.0213623  ... -0.28125    -0.12695312
  -0.02929688]
 ...
 [ 0.17382812  0.03833008  0.0213623  ... -0.28125    -0.12695312
  -0.02929688]
 [ 0.26171875 -0.06225586  0.35351562 ... -0.22265625 -0.05444336
  -0.23925781]
 [-0.05566406  0.00891113 -0.09228516 ...  0.00318909  0.28710938
  -0.14160156]]","[ 6.41829744e-02  5.40226884e-03  2.73282938e-02  7.71931633e-02
 -8.54185671e-02 -1.26754502e-02  1.13457777e-01 -7.61738494e-02
  8.30962062e-02  6.39299378e-02 -4.58495691e-02 -1.30937248e-01
 -5.01832627e-02  2.77465302e-02 -1.22773200e-01  9.39512551e-02
  7.05337524e-02  1.28386721e-01 -1.70945786e-02 -8.26689601e-02
 -4.31054225e-03  9.24337953e-02  7.35126361e-02 -3.56153287e-02
  4.48321626e-02 -1.69818066e-02 -2.64183283e-02 -2.15435028e-03
  4.75887433e-02 -5.22276796e-02 -8.26614648e-02  6.42655492e-02
 -5.15936501e-02 -1.14382217e-02  4.57980074e-02 -4.67318520e-02
  1.18372753e-01 -1.55317700e-02  9.84652247e-03  9.46207717e-02
  4.83314246e-02 -8.35481808e-02  1.44583672e-01 -1.34695647e-02
 -1.18164029e-02 -3.66597660e-02 -3.81909087e-02 -8.87199957e-03
  3.33233550e-02  4.19148430e-02 -8.61306041e-02  6.83627799e-02
 -3.08516924e-03 -5.37457969e-03  4.05451022e-02  7.20859412e-03
 -4.20630872e-02 -3.92200872e-02  2.64024567e-02 -7.06464797e-02
  2.43850574e-02  1.97140928e-02 -9.10510197e-02 -3.22270878e-02
  2.92513613e-02  2.63069086e-02 -8.32950994e-02  7.25966468e-02
 -6.62464276e-02  9.83955115e-02  4.04325686e-02  4.08004224e-02
  9.28292796e-02 -3.15646478e-03 -1.74507275e-01 -6.19848520e-02
  4.64277603e-02  5.06572053e-02  6.49593621e-02  1.27735868e-01
  1.35861756e-02 -3.51012647e-02  5.17275594e-02 -2.91195568e-02
 -8.51714686e-02  2.15838291e-03 -1.17977276e-01  1.34777263e-01
  4.34203297e-02  1.02520650e-02  2.27167848e-02  9.55125242e-02
 -7.32755661e-02 -5.00422493e-02 -8.27718303e-02 -9.35079604e-02
  1.18655197e-01  7.62244910e-02 -7.17623485e-03 -5.16386367e-02
 -1.13487050e-01 -1.05347466e-02  5.23876324e-02  2.13392191e-02
 -2.94393338e-02 -4.85058315e-02  2.05852240e-02 -6.33716583e-02
  4.76716980e-02 -4.24821116e-02 -5.57913929e-02 -2.34069172e-02
 -1.57891642e-02 -4.70744148e-02  1.14630207e-01 -1.34035312e-02
  3.27635147e-02 -2.71895844e-02  2.20265221e-02  4.16569561e-02
 -4.68856879e-02  1.58299413e-02 -4.29409631e-02  4.18170244e-02
 -6.68940041e-03 -1.98664181e-02 -4.37548421e-02 -8.28325972e-02
 -1.57401636e-02 -2.49632471e-03 -3.76621112e-02 -1.15796849e-01
 -3.34783085e-02  1.94660053e-02  3.90039310e-02 -6.12767972e-02
  2.62505766e-02  5.18416055e-02 -1.67488884e-02  6.82842657e-02
  6.22144900e-02 -6.85247257e-02  1.20412896e-03 -2.64991242e-02
  2.05032080e-02  9.52836424e-02 -1.81121491e-02 -1.20440714e-01
 -5.79367019e-02 -8.73364434e-02  6.19109832e-02  8.29828233e-02
 -7.92207420e-02  5.72570264e-02 -3.60210016e-02  1.02418044e-03
 -5.70449829e-02 -7.75714740e-02 -9.70228165e-02  5.68255084e-03
  9.38310288e-03  5.82200401e-02  6.70365989e-02  4.22257408e-02
  4.06338908e-02 -1.11800887e-01  6.89465776e-02 -8.46740454e-02
 -2.27480922e-02 -5.53327091e-02 -1.05799705e-01 -7.89760705e-03
 -1.71182565e-02 -5.13160974e-02 -7.63586015e-02 -1.90670416e-02
  1.08404256e-01 -6.20039329e-02 -1.59581937e-02  2.28814092e-02
 -7.52732530e-02 -3.28098014e-02  9.49605778e-02  2.89273746e-02
 -8.05205330e-02 -7.05863684e-02 -4.62124608e-02 -2.87425593e-02
  3.90480980e-02  2.51695048e-02  3.58270444e-02  5.00501413e-03
  1.05695002e-01  1.86773501e-02 -2.16893163e-02  3.62545662e-02
  7.68990372e-04 -1.37888808e-02 -9.16149542e-02 -8.97903442e-02
  2.78315712e-02  1.68010779e-02 -1.08172514e-01 -2.85695828e-02
  9.78230461e-02 -7.53852576e-02 -6.82063922e-02  4.93483711e-03
  3.20839733e-02  6.09851722e-03 -5.27897552e-02  1.00694098e-01
 -4.61183079e-02 -9.23682936e-03 -1.16680935e-01 -2.46768165e-02
  7.18881041e-02  1.19951842e-02 -1.24020278e-01 -3.16475183e-02
  8.62660911e-03  2.76210392e-03 -1.15922075e-02 -1.03558507e-02
  4.35491093e-02 -1.35987380e-03  3.74929011e-02  1.21242916e-02
 -5.22797694e-03 -1.20061180e-02  3.74729559e-02 -3.80284525e-02
 -1.58344135e-02  2.98543423e-02  9.02528614e-02  6.64678123e-03
 -1.03984699e-02 -1.08672567e-01  1.08389623e-01  1.01441350e-02
  8.07544887e-02  2.69175563e-02 -5.82848750e-02 -7.56220296e-02
 -1.98150496e-03  5.54443225e-02  4.71760966e-02  3.67178246e-02
  2.71450561e-02 -5.78052923e-02  6.30477397e-03  5.68145216e-02
  1.02405548e-01  1.00981742e-01  3.63836624e-02 -2.83509288e-02
 -7.65636039e-04  2.61869095e-02 -5.99283502e-02 -3.85839529e-02
 -5.00617176e-02  3.97672318e-03 -6.13480918e-02  4.95548919e-02
  3.65566388e-02  1.28250122e-01 -1.53342606e-02 -1.94657426e-02
 -9.84530598e-02 -2.39774771e-02  3.45454365e-02  9.73869488e-02
  1.29491076e-01  4.33929712e-02  6.46913499e-02 -4.77403440e-02
 -6.52468428e-02 -1.11346543e-01 -5.81883416e-02 -2.25170571e-02
  2.96265166e-02 -3.79943848e-02  2.30874028e-02  6.06955178e-02
 -1.18591124e-02 -4.09743227e-02 -8.16542506e-02 -7.15716137e-03
  2.23507062e-02  6.12758771e-02 -3.22502404e-02  8.81442353e-02
 -1.17641583e-01  1.04969942e-04 -3.27316821e-02 -4.85012121e-02
  3.48735750e-02 -8.16601738e-02  3.90855186e-02 -3.27587463e-02]"
3,A Place in This World,"I don't know what I want, so don't ask me
'Cause I'm still trying to figure it out
Don't know what's down this road
I'm just walking
Trying to see through the rain coming down
Even though I'm not the only one, who feels
The way I do
I'm alone, on my own
And that's all I know,
I'll be strong, I'll be wrong
Oh, but life goes on
Oh, I'm just a girl
Trying to find a place in this world
Got the radio on, my old blue jeans
And I'm wearing my heart on my sleeve
Feeling lucky today, got the sunshine
Could you tell me what more do I need?
And tomorrow's just a mystery, oh yeah
But that's okay
I'm alone, on my own
And that's all I know,
I'll be strong, I'll be wrong
Oh, but life goes on
Oh, I'm just a girl
Trying to find a place in this world
Maybe I'm just a girl on a mission
But I'm ready to fly
I'm alone, on my own
And that's all I know
Oh, I'll be strong, I'll be wrong
Oh, but life goes on
Oh, I'm alone, on my own
And that's all I know
Oh, I'm just a girl
Trying to find a place in this world
Oh, I'm just a girl
Oh, I'm just a girl, oh, oh
Oh, I'm just a girl",Taylor Swift (Debut),"['know', 'want', 'ask', 'cause', 'still', 'trying', 'figure', 'know', 'road', 'walking', 'trying', 'see', 'rain', 'coming', 'even', 'though', 'one', 'feel', 'way', 'alone', 'know', 'strong', 'wrong', 'life', 'go', 'girl', 'trying', 'find', 'place', 'world', 'got', 'radio', 'old', 'blue', 'jean', 'wearing', 'heart', 'sleeve', 'feeling', 'lucky', 'today', 'got', 'sunshine', 'could', 'tell', 'need', 'tomorrow', 'mystery', 'okay', 'alone', 'know', 'strong', 'wrong', 'life', 'go', 'girl', 'trying', 'find', 'place', 'world', 'maybe', 'girl', 'mission', 'ready', 'fly', 'alone', 'know', 'strong', 'wrong', 'life', 'go', 'alone', 'know', 'girl', 'trying', 'find', 'place', 'world', 'girl', 'girl', 'girl']","[[-0.05493164 -0.1171875   0.02783203 ... -0.18652344  0.15625
  -0.06494141]
 [ 0.13671875  0.1484375   0.11474609 ... -0.18261719  0.04443359
  -0.04174805]
 [-0.02807617  0.05859375  0.18945312 ... -0.09130859 -0.03320312
   0.02294922]
 ...
 [ 0.13867188  0.0037384   0.06445312 ... -0.08691406 -0.00897217
   0.03759766]
 [ 0.13867188  0.0037384   0.06445312 ... -0.08691406 -0.00897217
   0.03759766]
 [ 0.13867188  0.0037384   0.06445312 ... -0.08691406 -0.00897217
   0.03759766]]","[ 0.06937211  0.04121361  0.0343334   0.06135992 -0.06399348 -0.00352987
  0.05234255 -0.09454776  0.0683364   0.05594906 -0.00704579 -0.10038701
 -0.0532203  -0.02608961 -0.11364991  0.08820786  0.03445547  0.10117001
  0.01392393 -0.07357299 -0.04239786  0.0694339   0.03501445 -0.06896144
  0.05256295 -0.05753637 -0.0654806   0.01624873  0.09741625 -0.06899817
 -0.01665902  0.0391792  -0.04318275 -0.03788136 -0.04349414  0.00528693
  0.09318234 -0.02448711  0.01193049  0.10523384  0.04912633 -0.06819925
  0.11274625 -0.04351656  0.00141549 -0.03067883 -0.02198378 -0.01359327
  0.00468426  0.04420113 -0.04139878  0.09622604  0.02692517 -0.03421981
  0.03998707 -0.01298881 -0.03009787 -0.0529367   0.06634079 -0.02061651
  0.01808741  0.09332841 -0.04273422 -0.07650644  0.00120884 -0.02567263
 -0.05547323  0.08763066 -0.0094531   0.0418513   0.04385075  0.09796576
  0.0374315   0.00498025 -0.16408171 -0.00354908  0.0899726   0.042086
  0.05643016  0.11159337  0.03953934 -0.05220602  0.0574164  -0.00504331
 -0.12511906 -0.04945618 -0.06672348  0.12049847  0.01175661  0.06069683
  0.02696115  0.0320022  -0.06063768 -0.11946426 -0.05457042 -0.08588334
  0.13310741  0.04943791 -0.01327081 -0.03078946 -0.10037193 -0.04481035
  0.04263579  0.02062348 -0.01353342 -0.05171197 -0.01444574 -0.08250169
  0.02977585 -0.03038656 -0.0461535  -0.01063669 -0.02396468 -0.02138779
  0.01949734 -0.01571053  0.02543056 -0.05764083  0.03191875  0.06460685
 -0.09724209  0.01111565 -0.08986579  0.09176146 -0.02755266 -0.03957244
 -0.05161154 -0.05926476 -0.07454955 -0.03017054 -0.0831393  -0.12515673
 -0.06738187  0.01853152  0.00334648 -0.06268763  0.11269172  0.0614933
  0.01905691  0.09368557  0.06990852 -0.0642265   0.04918454 -0.0062157
  0.01283999  0.10826205 -0.0914925  -0.09874999 -0.04304373 -0.07493366
  0.07038342  0.02840339 -0.06068816  0.07287296 -0.01734058  0.01269286
 -0.06568947 -0.08482907 -0.05686904  0.00126869 -0.0185464   0.0870058
  0.07891808  0.01622527  0.03480511 -0.1215274   0.06173555 -0.0709886
  0.03885905 -0.04741716 -0.09868702  0.02318394 -0.03321029 -0.08406425
 -0.07408132 -0.02786782  0.12564427 -0.01521961 -0.06752509  0.00832927
 -0.06896068 -0.07382388  0.03076944  0.02653108 -0.05542783 -0.08068923
 -0.03225143  0.0457402   0.06975593  0.02439805  0.05044037  0.04345863
  0.07546804  0.0160368  -0.0012921   0.04407972  0.01679107 -0.01288332
 -0.09036575 -0.12709403  0.00733175  0.0572766  -0.05598016 -0.04515161
  0.03457378 -0.03620864 -0.06986039 -0.01770933  0.03325361 -0.0605254
 -0.05101316  0.08079547 -0.02009027 -0.01702466 -0.11124887  0.00389193
  0.07212886  0.0279541  -0.08123073 -0.00518912 -0.02278118 -0.02851133
  0.00065811  0.0284064   0.03941251 -0.06590629  0.09208246 -0.01681029
 -0.03412899  0.0067688   0.01421177 -0.06351782 -0.00946176 -0.00222807
  0.0725384   0.01667936 -0.03752381 -0.10629649  0.09483356  0.04438245
  0.07231309  0.00651644 -0.02391128 -0.05928586 -0.03492718  0.05207457
  0.00470596  0.0248204   0.03194211 -0.05372864  0.02097085  0.04240173
  0.11735705  0.07672421  0.06899647 -0.06821018  0.03730619  0.02334849
 -0.06067043 -0.07003502 -0.07192127 -0.04796555 -0.05091622  0.04576431
  0.04762263  0.12058587  0.03821121 -0.03219906 -0.10812265  0.00936325
  0.04590512  0.08891065  0.11790296  0.04986064  0.02568017 -0.06378984
 -0.04208788 -0.09400111 -0.0324545  -0.00393722  0.01004603 -0.08099408
  0.0244572   0.07551725  0.01778534 -0.0411976  -0.10173694 -0.00485051
  0.02021733  0.07156429 -0.02183024  0.05853234 -0.12032007 -0.03002372
 -0.06264204 -0.02906385  0.03889814 -0.02797407  0.07512726 -0.01854367]"
4,Cold as You,"You have a way of coming easily to me
And when you take, you take the very best of me
So I start a fight 'cause I need to feel somethin'
And you do what you want 'cause I'm not what you wanted
Oh, what a shame
What a rainy ending given to a perfect day
Just walk away
Ain't no use defending words that you will never say
And now that I'm sittin' here thinkin' it through
I've never been anywhere cold as you
You put up the walls and paint them all a shade of gray
And I stood there loving you, and wished them all away
And you come away with a great little story
Of a mess of a dreamer with the nerve to adore you
Oh, what a shame
What a rainy ending given to a perfect day
Just walk away
Ain't no use defending words that you will never say
And now that I'm sittin' here thinkin' it through
I've never been anywhere cold as you
You never did give a damn thing, honey
But I cried, cried for you
And I know you wouldn't have told nobody if I died, died for you
Died for you
Oh, what a shame
What a rainy ending given to a perfect day
Oh, every smile you fake is so condescending
Countin' all the scars you've made
Now that I'm sittin' here thinkin' it through
I've never been anywhere cold as you",Taylor Swift (Debut),"['way', 'coming', 'easily', 'take', 'take', 'best', 'start', 'fight', 'cause', 'need', 'feel', 'somethin', 'want', 'cause', 'wanted', 'shame', 'rainy', 'ending', 'given', 'perfect', 'day', 'walk', 'away', 'use', 'defending', 'word', 'never', 'say', 'sittin', 'thinkin', 'never', 'anywhere', 'cold', 'put', 'wall', 'paint', 'shade', 'gray', 'stood', 'loving', 'wished', 'away', 'come', 'away', 'great', 'little', 'story', 'mess', 'dreamer', 'nerve', 'adore', 'shame', 'rainy', 'ending', 'given', 'perfect', 'day', 'walk', 'away', 'use', 'defending', 'word', 'never', 'say', 'sittin', 'thinkin', 'never', 'anywhere', 'cold', 'never', 'give', 'damn', 'thing', 'honey', 'cried', 'cried', 'know', 'told', 'nobody', 'died', 'died', 'died', 'shame', 'rainy', 'ending', 'given', 'perfect', 'day', 'every', 'smile', 'fake', 'condescending', 'countin', 'scar', 'made', 'sittin', 'thinkin', 'never', 'anywhere', 'cold']","[[ 0.15332031  0.07177734 -0.02416992 ...  0.02844238 -0.09960938
   0.0324707 ]
 [ 0.11035156  0.24804688 -0.00769043 ... -0.07617188  0.13085938
  -0.22167969]
 [ 0.05444336 -0.11669922 -0.0625     ... -0.32226562  0.07666016
  -0.11816406]
 ...
 [ 0.02392578 -0.04614258  0.00390625 ... -0.26953125 -0.06884766
  -0.27539062]
 [ 0.03027344 -0.27929688 -0.02380371 ... -0.28125    -0.00762939
  -0.125     ]
 [-0.0189209   0.11865234 -0.0625     ...  0.33789062  0.18945312
   0.16796875]]","[ 6.29169494e-02  3.22431177e-02  2.19712071e-02  9.97251123e-02
 -3.28156278e-02 -2.33538821e-02  7.22868741e-02 -9.47600529e-02
  9.12028477e-02  1.31117970e-01  5.49438456e-03 -1.38851926e-01
 -6.43161014e-02  4.62270156e-02 -6.66187257e-02  8.96685794e-02
  5.53524792e-02  1.28758997e-01 -6.60942076e-03 -1.00616455e-01
 -3.54432911e-02  8.20300654e-02  7.33279437e-02 -3.28671262e-02
  7.21192136e-02  4.55673225e-03 -3.34604308e-02  2.00976562e-02
  6.35971082e-03 -5.39529435e-02 -3.66622917e-02  6.33859262e-02
 -9.96170007e-03  5.63669193e-04 -5.08048991e-03 -7.45155336e-03
  8.33364874e-02 -6.25678226e-02  1.60157774e-02  9.08536315e-02
  7.73846433e-02 -1.03065796e-01  1.75493166e-01 -7.05940276e-02
 -3.86549463e-03 -1.04766842e-02 -7.01316819e-02  7.46520981e-03
 -3.47338878e-02  4.10525501e-02 -8.18453953e-02  7.75860623e-02
  4.29916382e-03  1.01404190e-02  2.90686041e-02 -1.02062989e-02
 -7.72180185e-02 -6.15740977e-02  6.32104501e-02 -8.91567990e-02
 -1.42465206e-02  7.97485337e-02 -3.25717926e-02 -9.60620120e-02
  3.64515670e-02 -3.29261795e-02 -6.00923933e-02  4.99102771e-02
 -7.53271505e-02  9.47116092e-02  7.28970915e-02  5.26225939e-02
  4.88430783e-02  2.37164311e-02 -1.78812250e-01 -6.11502081e-02
  6.57772794e-02  2.25827023e-02  5.98989874e-02  1.44133374e-01
  1.19099803e-02 -1.76681522e-02  2.09741220e-02 -4.78921495e-02
 -9.83352661e-02  2.08315477e-02 -5.35180680e-02  1.30068049e-01
  3.95388789e-02  1.45385740e-03  1.76333617e-02  5.72402962e-02
 -5.13359085e-02 -8.49612430e-02 -8.66018757e-02 -4.82846051e-02
  1.07665427e-01  8.48464966e-02 -9.32945218e-03 -6.05758652e-02
 -1.30002439e-01 -1.69236753e-02  4.70825955e-02 -7.40947714e-03
 -2.50595473e-02 -2.21505743e-02  8.01391609e-04 -4.58553210e-02
  2.20843498e-02 -6.46327212e-02 -7.23316744e-02 -2.02270504e-02
  1.75946802e-02 -2.76759509e-02  1.27568081e-01 -1.45571902e-02
  2.96597295e-02 -4.16528322e-02 -1.10473629e-04  3.99273671e-02
 -1.05147935e-01  1.94353480e-02 -2.39651110e-02  7.56246969e-02
 -3.29504013e-02 -3.95580083e-02 -1.04513550e-02 -4.96452339e-02
  2.66239163e-03 -2.40745544e-02 -6.77682459e-02 -6.46673590e-02
 -3.95794660e-02  2.36786660e-02 -3.23580950e-02 -5.53466789e-02
  3.37814330e-03  5.87391965e-02 -1.56075284e-02  5.77490218e-02
  4.14266959e-02 -5.52511588e-02  1.57020576e-02 -6.04241937e-02
 -7.31750485e-03  2.89736930e-02 -7.80340582e-02 -1.15644187e-01
 -4.67661284e-02 -1.17194213e-01  9.08645615e-02  2.56084949e-02
 -9.92513299e-02  3.57904062e-02 -3.10961921e-02  2.07984541e-02
 -3.76951993e-02 -7.45296106e-02 -6.91185743e-02 -9.54986550e-03
  1.67755131e-03  2.32432559e-02  8.09735134e-02 -6.31896965e-03
  1.04157254e-02 -1.21889740e-01  1.18618198e-02 -6.81044012e-02
  3.02776345e-03 -3.99525464e-02 -9.21825767e-02  2.85396576e-02
 -5.67083731e-02 -7.52162188e-02 -7.59439096e-02 -2.92712394e-02
  9.88310277e-02 -4.39437330e-02 -3.59190740e-02  2.62855534e-02
 -5.36803454e-02 -6.80712909e-02  6.46191388e-02  4.32749167e-02
 -7.61092380e-02 -3.88299562e-02 -3.39266956e-02  3.94934081e-02
  4.86654676e-02  1.15368344e-01  4.81503308e-02  1.07410811e-02
  6.57452419e-02  4.80269231e-02 -1.03118895e-02  7.65721127e-02
 -1.38813779e-02 -8.26568622e-03 -7.01916516e-02 -5.88766485e-02
 -3.05080408e-04  5.35783954e-02 -7.05966204e-02 -1.88476557e-03
  7.72781372e-02 -1.47400666e-02 -5.28677925e-02  2.69773863e-02
  1.17706303e-02 -4.31938171e-02 -9.85496640e-02  8.72404501e-02
 -4.53453064e-02 -2.26014704e-02 -6.81761205e-02 -1.65992733e-02
  5.88720702e-02 -1.70651246e-02 -9.17430893e-02 -1.81032568e-02
 -5.31030260e-02  1.41293332e-02  1.50462342e-02 -1.54724123e-03
  8.41387957e-02 -8.11798126e-03  5.59472665e-02  2.14358512e-02
 -2.08061212e-03 -1.71199422e-02  2.53570564e-02 -2.88702399e-02
  5.51147445e-04  2.49619968e-03  7.92770982e-02  9.35058575e-03
 -1.18736271e-02 -5.67992777e-02  1.24312595e-01  7.13809766e-03
  8.86468515e-02  3.21956649e-02 -1.20193483e-02 -1.05228536e-01
 -1.57223511e-02  7.43569955e-02  1.13531491e-02  1.20291896e-02
  1.38406372e-02 -5.77546693e-02  1.42656518e-02  7.40771517e-02
  9.08195525e-02  8.36599767e-02  5.41906729e-02 -7.19088763e-02
 -1.08737182e-02 -8.41987599e-03 -8.08118433e-02 -8.41047689e-02
 -5.25037013e-02 -1.02774044e-02 -5.83380125e-02  3.82069387e-02
  2.82548517e-02  9.89138782e-02 -3.09459679e-03 -3.78799450e-04
 -8.22573826e-02 -2.85949698e-03  3.69913876e-02  9.72503275e-02
  1.14218444e-01  3.11312862e-02  5.75100705e-02 -6.56266809e-02
 -1.22710571e-01 -4.25099954e-02 -4.56648245e-02 -1.10968016e-02
  2.76770014e-02 -2.59996038e-02  2.00320426e-02  9.14123505e-02
 -3.50908283e-03 -2.55070496e-02 -7.67268762e-02  8.19122326e-03
 -3.64701860e-02  2.43810266e-02 -4.84429933e-02  8.37310776e-02
 -1.24271244e-01  5.87240607e-02 -5.81326298e-02 -5.13126366e-02
 -1.95964817e-02 -9.77461264e-02  4.50021364e-02 -3.41851823e-02]"
5,The Outside,"I didn't know what I would find
When I went lookin' for a reason
I know I didn't read between the lines
And baby I've got nowhere to go
I tried to take the road less traveled by
But nothing seems to work the first few times, am I right?
So, how can I ever try to be better?
Nobody ever let's me in
And I can still see you, this ain't the best view
On the outside looking in
I've been a lot of lonely places
I've never been on the outside
You saw me there but never knew
That I would give it all up to be
A part of this, a part of you
And now it's all too late so you see
You could have helped if you had wanted to
But no one notices until it's too late to do anything
How can I ever try to be better?
Nobody ever let's me in
And I can still see you, this ain't the best view
On the outside looking in
I've been a lot of lonely places
I've never been on the outside
Oh yeah
How can I ever try to be better?
Nobody ever let's me in
And I can still see you, this ain't the best view
On the outside looking in
I've been a lot of lonely places
I've never been on the outside
Oh, oh, oh-oh
Oh, oh-oh",Taylor Swift (Debut),"['know', 'would', 'find', 'went', 'lookin', 'reason', 'know', 'read', 'line', 'baby', 'got', 'nowhere', 'go', 'tried', 'take', 'road', 'le', 'traveled', 'nothing', 'seems', 'work', 'first', 'time', 'right', 'ever', 'try', 'better', 'nobody', 'ever', 'let', 'still', 'see', 'best', 'view', 'outside', 'looking', 'lot', 'lonely', 'place', 'never', 'outside', 'saw', 'never', 'knew', 'would', 'give', 'part', 'part', 'late', 'see', 'could', 'helped', 'wanted', 'one', 'notice', 'late', 'anything', 'ever', 'try', 'better', 'nobody', 'ever', 'let', 'still', 'see', 'best', 'view', 'outside', 'looking', 'lot', 'lonely', 'place', 'never', 'outside', 'ever', 'try', 'better', 'nobody', 'ever', 'let', 'still', 'see', 'best', 'view', 'outside', 'looking', 'lot', 'lonely', 'place', 'never', 'outside']","[[-0.05493164 -0.1171875   0.02783203 ... -0.18652344  0.15625
  -0.06494141]
 [ 0.08935547  0.12988281  0.21289062 ... -0.15234375  0.00552368
  -0.10058594]
 [-0.00695801 -0.04370117 -0.16796875 ...  0.13867188  0.23339844
   0.05761719]
 ...
 [-0.20703125  0.203125    0.04199219 ...  0.13867188  0.03686523
  -0.02868652]
 [ 0.02392578 -0.04614258  0.00390625 ... -0.26953125 -0.06884766
  -0.27539062]
 [-0.109375   -0.04516602  0.00750732 ...  0.0859375  -0.06396484
  -0.09326172]]","[ 0.02142737  0.0503312   0.0325418   0.10656852 -0.03814463 -0.01464374
  0.06441988 -0.08520924  0.07595692  0.05241027  0.00150576 -0.11645709
 -0.03144585 -0.02006279 -0.09294661  0.04191556  0.08277641  0.09910432
  0.05952437 -0.0438769  -0.03644746  0.04987377  0.0369017  -0.05127255
  0.04461201 -0.03624583 -0.05232541  0.0585844   0.02699925 -0.00273602
 -0.02590221  0.08028705 -0.04902682 -0.02413404  0.03547736  0.0209504
  0.07729404 -0.04987796  0.02434699  0.07958263  0.05216175 -0.08708107
  0.10246361 -0.05353991 -0.03199751  0.05081479 -0.06250503  0.00665149
  0.00656665  0.0168239  -0.02724531  0.05989458 -0.01172189 -0.01191527
 -0.00675445  0.01465649 -0.01339688 -0.0787206   0.08201079 -0.08074297
 -0.04076385  0.03736215 -0.07737698 -0.09830986 -0.0212015  -0.02397508
 -0.04057647  0.08672123 -0.06209724  0.09795642  0.04353618  0.04622965
  0.08381938  0.03159508 -0.18061107 -0.0751534   0.09784271  0.08694357
  0.04530309  0.08350213  0.0414474  -0.02438933  0.07699786 -0.02835988
 -0.08781987 -0.03587945 -0.06666683  0.09396798  0.01630594 -0.00095409
  0.06371645  0.05436107 -0.08246236 -0.10939647 -0.06372003 -0.12542121
  0.08981906  0.09259033 -0.01562043 -0.04001269 -0.06743804 -0.03615427
  0.03454741  0.05454816 -0.0360488  -0.02731854 -0.02996558 -0.03900063
 -0.00597363 -0.0659126  -0.02186199  0.00327477 -0.02105461 -0.0057031
  0.08411137 -0.01545933  0.05574756 -0.05856977  0.05392573  0.03142472
 -0.11092385  0.02246899 -0.05575209  0.06872097 -0.04919065 -0.0401644
 -0.02963416 -0.08038196 -0.01126753 -0.00821707 -0.04987545 -0.12419111
 -0.05583929 -0.01012999  0.01331916 -0.13894755  0.04881169  0.05613943
  0.00915808  0.07520542  0.01360958 -0.06679141  0.06514128  0.0004534
  0.03838306  0.08484289 -0.10972612 -0.10551167 -0.06161457 -0.04111208
  0.03381759  0.08363791 -0.1048034   0.06026937 -0.04137219  0.05021986
 -0.04222761 -0.04407342 -0.06700864  0.04233123  0.00274155  0.06854717
  0.01371815  0.02575315  0.05205921 -0.06615509  0.04517658 -0.07201123
  0.00933704 -0.04375718 -0.10422524  0.03375856 -0.01855804 -0.10950914
 -0.03851235  0.00930753  0.09259855 -0.0501758  -0.00179014  0.01801065
 -0.06829264 -0.06161667  0.05515298  0.00144808 -0.06149556 -0.08450384
 -0.02930559  0.03592904  0.05963202  0.03458161  0.07397     0.05226403
  0.08427387  0.02718714  0.00904243  0.02102398 -0.00693621  0.01106681
 -0.05539527 -0.1267063   0.02276712  0.08989009 -0.05625958 -0.00229527
  0.04100355 -0.00948518 -0.04125474 -0.00974928  0.01857682 -0.01784071
 -0.02671495  0.08753552 -0.04981139  0.00680249 -0.14558947 -0.03538203
  0.12762842  0.01287263 -0.08212113 -0.05348818 -0.05680126 -0.01549564
 -0.04139458  0.00203411  0.03557075 -0.05670552  0.06239587  0.06093891
  0.00240737  0.00212768  0.02957388 -0.07375864  0.04453621  0.02638032
  0.11296891 -0.0035605  -0.00331068 -0.13151668  0.09928238  0.02228722
  0.04938662  0.00507933  0.0164745  -0.08850433 -0.00832392  0.02754924
  0.02371107  0.02700118  0.019434   -0.02897996  0.0134592   0.02597004
  0.10297603  0.06971087  0.06849167 -0.03377457 -0.00989298  0.0271624
 -0.07685131 -0.08151127 -0.08028873 -0.01537713 -0.03450868  0.08147363
  0.04592598  0.10799936  0.00040918 -0.01417043 -0.09358785  0.01921232
  0.07285994  0.10745231  0.14423446  0.08208063  0.03233656 -0.04964908
 -0.09508305 -0.1350641  -0.02950178 -0.0034148   0.04065746 -0.04739514
 -0.01204715  0.09078074 -0.01200464 -0.00269225 -0.10183213 -0.04012492
  0.00453773  0.03561544 -0.09225866  0.05726137 -0.09233211  0.05783999
 -0.07080279 -0.01855833  0.01615755 -0.05584566  0.02213899 -0.06594232]"
6,Tied Together with a Smile,"Seems the only one who doesn't see your beauty
Is the face in the mirror looking back at you
You walk around here thinking you're not pretty
But that's not true 'cause I know you
Hold on, baby; you're losing it
The water's high, you're jumping into it
And letting go, and no one knows
That you cry; but you don't tell anyone
That you might not be the golden one
And you're tied together with a smile
But you're coming undone
I guess it's true that love was all you wanted
'Cause you're givin' it away like it's extra change
Hoping it will end up in his pocket
But he leaves you out like a penny in the rain
Oh, 'cause it's not his price to pay
It's not his price to pay
Hold on, baby; you're losing it
The water's high, you're jumping into it
And letting go, and no one knows
That you cry; but you don't tell anyone
That you might not be the golden one
And you're tied together with a smile
But you're coming undone
Hold on, baby; you're losing it
The water's high, you're jumping into it
And letting go, and no one knows
That you cry; but you don't tell anyone
That you might not be the golden one
And you're tied together with a smile
But you're coming undone
You're tied together with a smile
But you're coming undone, oh
Goodbye, baby
With a smile, baby, baby",Taylor Swift (Debut),"['seems', 'one', 'see', 'beauty', 'face', 'mirror', 'looking', 'back', 'walk', 'around', 'thinking', 'pretty', 'true', 'cause', 'know', 'hold', 'baby', 'losing', 'water', 'high', 'jumping', 'letting', 'go', 'one', 'know', 'cry', 'tell', 'anyone', 'might', 'golden', 'one', 'tied', 'together', 'smile', 'coming', 'undone', 'guess', 'true', 'love', 'wanted', 'cause', 'givin', 'away', 'like', 'extra', 'change', 'hoping', 'end', 'pocket', 'leaf', 'like', 'penny', 'rain', 'cause', 'price', 'pay', 'price', 'pay', 'hold', 'baby', 'losing', 'water', 'high', 'jumping', 'letting', 'go', 'one', 'know', 'cry', 'tell', 'anyone', 'might', 'golden', 'one', 'tied', 'together', 'smile', 'coming', 'undone', 'hold', 'baby', 'losing', 'water', 'high', 'jumping', 'letting', 'go', 'one', 'know', 'cry', 'tell', 'anyone', 'might', 'golden', 'one', 'tied', 'together', 'smile', 'coming', 'undone', 'tied', 'together', 'smile', 'coming', 'undone', 'goodbye', 'baby', 'smile', 'baby', 'baby']","[[ 0.17285156  0.03344727 -0.109375   ...  0.01287842  0.203125
   0.17773438]
 [ 0.0456543  -0.14550781  0.15625    ... -0.01586914  0.00671387
  -0.00188446]
 [-0.05566406  0.00891113 -0.09228516 ...  0.00318909  0.28710938
  -0.14160156]
 ...
 [ 0.26171875 -0.06225586  0.35351562 ... -0.22265625 -0.05444336
  -0.23925781]
 [ 0.03393555  0.08349609 -0.12402344 ...  0.04882812 -0.28320312
   0.09814453]
 [ 0.03393555  0.08349609 -0.12402344 ...  0.04882812 -0.28320312
   0.09814453]]","[ 4.96490821e-02  1.95612125e-02  2.47905385e-02  1.01607442e-01
 -5.10563068e-02 -3.68877053e-02  7.95043930e-02 -8.76387134e-02
  1.28065079e-01  1.25730395e-01 -1.20133832e-02 -1.15321487e-01
 -5.84331155e-02  2.03621611e-02 -1.44632667e-01  1.01348042e-01
  5.41688390e-02  9.60807130e-02 -1.26489811e-02 -7.47003406e-02
 -2.27938574e-02  6.30989745e-02  8.70361328e-02 -1.51375514e-02
  7.95007348e-02  6.29771821e-05 -3.64568532e-02  1.56621765e-02
  3.82468477e-02 -6.76322207e-02 -5.16304709e-02  5.12883961e-02
 -1.94258261e-02 -5.50370663e-02 -3.11691985e-02 -5.35813756e-02
  5.28194942e-02 -3.54940593e-02  3.13061252e-02  8.26586783e-02
  8.26737806e-02 -8.73723775e-02  1.33524671e-01 -9.06682760e-02
 -1.68998018e-02 -2.46337894e-02 -2.48468574e-02  2.57345028e-02
  4.21863906e-02  2.27034129e-02 -2.66657043e-02  8.43611285e-02
 -5.15601411e-03 -2.31943298e-02  5.32198837e-03 -8.47667363e-03
 -3.95574383e-02 -3.48516293e-02  7.99111649e-02 -2.18820740e-02
  1.28845219e-02  4.40270156e-02 -5.43488935e-02 -6.64133281e-02
  1.22128576e-02 -4.88087069e-03 -7.66590461e-02  9.13941786e-02
 -4.36569229e-02  7.94389173e-02  4.08092141e-02  3.28534208e-02
  6.46139681e-02  5.82330860e-03 -1.53378025e-01 -4.81059663e-02
  4.65913266e-02  9.31869522e-02  4.83736917e-02  1.05018198e-01
  2.18159072e-02 -5.53605519e-02  2.72103045e-02 -3.27898897e-02
 -7.65194297e-02 -2.86344737e-02 -4.46147472e-02  1.00650437e-01
 -6.21448853e-05  4.65437472e-02  6.01680391e-02  6.28549084e-02
 -5.13182208e-02 -5.95646240e-02 -6.63911328e-02 -6.51492029e-02
  1.10270828e-01  4.37777415e-02 -1.48931332e-02 -8.96526687e-03
 -1.33698612e-01 -4.98970710e-02  4.47441787e-02 -2.52623996e-03
 -3.72584946e-02 -3.30302492e-02  6.82850555e-02 -5.65392226e-02
  2.59707887e-02 -5.63763008e-02 -2.96630850e-03 -3.16456184e-02
 -7.23155634e-03 -2.01581083e-02  1.04590401e-01  1.52619798e-02
  2.79726889e-02 -1.84393451e-02 -1.19824493e-02  3.71133983e-02
 -8.13823342e-02  2.56913621e-02 -4.58935834e-02  3.70158106e-02
 -2.18059197e-02 -2.60232147e-02 -2.60772705e-02 -5.45410141e-02
 -1.64378770e-02  2.91270856e-02 -3.27281617e-02 -1.08183704e-01
 -6.56957477e-02 -1.07699307e-03 -3.05267684e-02 -4.26872261e-02
  4.47998047e-02  6.16854578e-02 -2.72877086e-02  7.57290944e-02
  2.97735035e-02 -9.98096839e-02 -2.70979442e-02 -3.38770784e-02
  3.54367346e-02  1.09190993e-01 -6.89043552e-02 -1.04957439e-01
 -3.89312729e-02 -6.86315224e-02  6.84703514e-02  2.31032278e-02
 -1.24280579e-01  8.16539451e-02 -3.21654566e-02  5.55575974e-02
 -6.30160272e-02 -8.48544016e-02 -5.10619432e-02  1.88385006e-02
 -4.28912751e-02  4.69311811e-02  5.47582470e-02  1.91353541e-02
  2.24141907e-02 -1.01791866e-01  5.74059226e-02 -2.80919690e-02
 -7.53587810e-03 -1.73595082e-02 -1.19383104e-01 -4.20398377e-02
 -3.04787382e-02 -6.68615177e-02 -5.84707074e-02 -2.11916137e-02
  1.34128079e-01 -3.81400362e-02 -2.25024130e-02  2.49938611e-02
 -7.83627629e-02 -5.58317713e-02  1.05394952e-01  4.38108258e-02
 -7.93254524e-02 -3.96881104e-02 -5.31166084e-02  4.95439023e-02
  4.94767614e-02  3.88789773e-02  5.33839837e-02 -1.69428042e-03
  6.10527731e-02 -8.85980763e-03 -1.73622817e-02  7.50350282e-02
 -3.65475751e-02  1.48315430e-02 -7.16948062e-02 -1.12643100e-01
  1.94202767e-05  4.78848554e-02 -4.60676700e-02 -4.61478829e-02
  1.25656128e-02 -2.10629553e-02 -9.02726576e-02 -5.08192591e-02
  1.37618668e-02 -1.62089951e-02 -7.27998540e-02  1.10008657e-01
 -4.43087472e-03  2.12158207e-02 -6.30551428e-02  2.64181662e-02
  8.16668421e-02 -1.12086907e-02 -9.08913389e-02  2.84853857e-03
 -1.93037558e-03  2.58671157e-02 -1.32862444e-03  3.32752569e-03
  5.67146987e-02 -5.62577695e-02  4.58479449e-02 -2.44221073e-02
  1.22738406e-02  1.29920263e-02  1.25505617e-02 -6.76075323e-03
 -2.94460636e-02  4.23755981e-02  5.50947711e-02  1.03873517e-02
  9.67816450e-03 -1.05494551e-01  1.13270693e-01  6.00488819e-02
  5.19007854e-02  2.26043705e-02 -5.93725741e-02 -7.35739991e-02
  6.30160235e-03  5.80836199e-02  1.72787579e-03 -4.03053965e-03
  3.91540527e-02 -5.10715842e-02 -1.96935469e-03  3.56006958e-02
  8.31407011e-02  7.73709416e-02  2.71869656e-02 -2.95923408e-02
  1.29442038e-02  4.02972810e-02 -6.93409294e-02 -4.07570563e-02
 -7.51989186e-02  1.50869200e-02 -1.01787776e-01  3.71304601e-02
  3.74277271e-02  5.83379567e-02  6.37586322e-03 -2.06388999e-02
 -6.58613294e-02 -1.75044667e-02  2.54794043e-02  1.29511327e-01
  1.31711930e-01 -1.61512904e-02  8.31664354e-02 -8.17693546e-02
 -9.52337086e-02 -6.43926412e-02 -2.75218617e-02 -2.90034730e-02
  2.43003145e-02 -4.05925401e-02  3.85651141e-02  7.95634538e-02
 -1.68193467e-02 -2.93957796e-02 -8.01394358e-02  4.11909632e-02
  1.61081143e-02  5.47922291e-02 -3.40178050e-02  4.73463573e-02
 -1.13307327e-01  6.67558145e-03 -3.20684277e-02 -2.55595986e-02
  1.78761743e-02 -7.50567317e-02  2.00012662e-02 -1.78109594e-02]"
7,Stay Beautiful,"Cory's eyes are like a jungle
He smiles it's like the radio
He whispers songs into my window
In words that nobody knows
There's pretty girls on every corner
They watch him as he's walking home
Saying, does he know
Will you ever know?
You're beautiful
Every little piece, love don't you know?
You're really gonna be someone
Ask anyone
And when you find everything you've looked for
I hope your love leads you back to my door
Oh, but if it don't, stay beautiful
Cory finds another way to be
The highlight of my day
I'm taking pictures in my mind
So I can save them for a rainy day
It's hard to make a conversation
When he's taking my breath away
I should say ""hey, by the way
You're beautiful
Every little piece, love don't you know?
You're really gonna be someone
Ask anyone
And when you find everything you've looked for
I hope your love leads you back to my door
Oh, but if it don't, stay beautiful
If you and I are a story
That never gets told
If what you are is a daydream
I'll never get to hold, at least you'll know
You're beautiful
Every little piece, love don't you know?
You're really gonna be someone
Ask anyone
And when you find everything you've looked for
I hope your love leads you back to my front door
Oh, but if it don't
Will you stay beautiful, beautiful, beautiful
Beautiful, beautiful, beautiful?
Oh, oh, oh
Oh, oh, oh
Oh, but if it don't
Stay beautiful
Stay beautiful
Na, na, na, na, na",Taylor Swift (Debut),"['cory', 'eye', 'like', 'jungle', 'smile', 'like', 'radio', 'whisper', 'song', 'window', 'word', 'nobody', 'know', 'pretty', 'girl', 'every', 'corner', 'watch', 'walking', 'home', 'saying', 'know', 'ever', 'know', 'beautiful', 'every', 'little', 'piece', 'love', 'know', 'really', 'gonna', 'someone', 'ask', 'anyone', 'find', 'everything', 'looked', 'hope', 'love', 'lead', 'back', 'door', 'stay', 'beautiful', 'cory', 'find', 'another', 'way', 'highlight', 'day', 'taking', 'picture', 'mind', 'save', 'rainy', 'day', 'hard', 'make', 'conversation', 'taking', 'breath', 'away', 'say', 'hey', 'way', 'beautiful', 'every', 'little', 'piece', 'love', 'know', 'really', 'gonna', 'someone', 'ask', 'anyone', 'find', 'everything', 'looked', 'hope', 'love', 'lead', 'back', 'door', 'stay', 'beautiful', 'story', 'never', 'get', 'told', 'daydream', 'never', 'get', 'hold', 'least', 'know', 'beautiful', 'every', 'little', 'piece', 'love', 'know', 'really', 'gonna', 'someone', 'ask', 'anyone', 'find', 'everything', 'looked', 'hope', 'love', 'lead', 'back', 'front', 'door', 'stay', 'beautiful', 'beautiful', 'beautiful', 'beautiful', 'beautiful', 'beautiful', 'stay', 'beautiful', 'stay', 'beautiful']","[[-0.08300781 -0.01300049  0.03979492 ... -0.13378906 -0.0390625
   0.06787109]
 [ 0.16210938  0.08642578 -0.03344727 ...  0.07714844 -0.04443359
   0.11181641]
 [ 0.10351562  0.13769531 -0.00297546 ...  0.04394531 -0.14550781
   0.07128906]
 ...
 [-0.01831055  0.05566406 -0.01153564 ... -0.34570312  0.11083984
   0.03344727]
 [-0.00958252 -0.08447266 -0.10888672 ...  0.01843262  0.2421875
  -0.01928711]
 [-0.01831055  0.05566406 -0.01153564 ... -0.34570312  0.11083984
   0.03344727]]","[ 0.05943346 -0.00521908  0.00339365  0.08477655 -0.04843806  0.00060093
  0.09546772 -0.0792402   0.05331925  0.08079171 -0.03559786 -0.13780856
 -0.04841971  0.00681126 -0.09533955  0.06676871  0.04175591  0.1392507
  0.02176738 -0.04674765  0.00062555  0.08096635  0.10279498 -0.06735539
  0.05975747 -0.000337   -0.02014828  0.03335202  0.04114641 -0.0332388
 -0.07399204  0.08618164 -0.03773224  0.01552343  0.01207525 -0.04686069
  0.06403351 -0.01821685 -0.00519793  0.11375013  0.06535482 -0.08915806
  0.14984941 -0.03462672 -0.01030682  0.00800347 -0.02987444  0.02554983
  0.0055573   0.02377415 -0.02128363  0.08620858  0.03124821 -0.01020834
 -0.00719261  0.00451112 -0.01916903 -0.07535303  0.04890753 -0.06897472
  0.02230597  0.04070176 -0.05662797 -0.04817343  0.01286268 -0.00493813
 -0.03638554  0.05425906 -0.0382967   0.1217308   0.07648744  0.04577565
  0.07498598 -0.02758217 -0.21078467 -0.03766918  0.03254282  0.03885496
  0.07798932  0.16687775  0.00305974 -0.03642786  0.05326724 -0.06480026
 -0.11508512  0.00391989 -0.08671176  0.12782073  0.07216173  0.00325793
  0.0063673   0.07598847 -0.09192252 -0.07281244 -0.10893822 -0.09993152
  0.10411398  0.05168319 -0.00543737 -0.06683555 -0.15746093 -0.02202117
  0.0493114   0.02076364 -0.0395743  -0.00982744  0.00621724 -0.05494403
  0.00253844 -0.06475359 -0.04786086  0.02754731  0.0135709  -0.02369757
  0.12878013 -0.02544332  0.06653714 -0.06052542  0.04305351  0.0384492
 -0.07607031  0.00551641 -0.02853453  0.10577321 -0.02381426 -0.00192136
 -0.04510331 -0.02881742  0.00917453  0.03979221 -0.08092213 -0.13448572
 -0.03574812  0.018363    0.01540902 -0.0667752   0.01641071  0.03107339
  0.00480795  0.09951961  0.06334496 -0.08947638 -0.00175333 -0.01744246
  0.00694418  0.06430316 -0.04720366 -0.09274566 -0.05639482 -0.08412695
  0.07620573  0.0934259  -0.10819489  0.07860851 -0.05019355  0.04438893
 -0.02830243 -0.08298782 -0.08447492  0.00789869 -0.02695543  0.08966586
  0.06000543  0.06643057  0.02399957 -0.10357507  0.05022264 -0.10720587
 -0.0314584  -0.03356779 -0.09515822  0.04720131 -0.01343107 -0.0617044
 -0.06610215  0.00270307  0.114133   -0.05276775 -0.05742013  0.02846408
 -0.10765219 -0.0868423   0.09707764  0.01885921 -0.0859794  -0.04278946
 -0.05204505  0.0140053   0.05420756  0.00670815  0.05212927  0.02839649
  0.11832547  0.0236727   0.00639307  0.02537405 -0.01665938  0.02012205
 -0.10747552 -0.07601893  0.01695919  0.05342209 -0.10807538 -0.0454177
  0.04892641 -0.01978588 -0.04897082 -0.00682169  0.02698183 -0.0233081
 -0.08336473  0.11890316 -0.06706786 -0.0260458  -0.11781035  0.02046216
  0.09618676  0.03571773 -0.11714792 -0.04931784 -0.00068176  0.01469088
 -0.04799783  0.01140523  0.04163933 -0.04676199  0.06830281  0.02549016
 -0.03635502 -0.01517725 -0.00953627 -0.03045148 -0.00595951  0.01229953
  0.1264967   0.02096963 -0.03906297 -0.04719734  0.11967087  0.03585839
  0.07270622 -0.0098784  -0.09296352 -0.05155957 -0.04051225  0.06946492
  0.01228625  0.01098037 -0.00462461 -0.04982066 -0.00857069  0.09124124
  0.09968883  0.1015687   0.07180679 -0.08815166 -0.03633285 -0.02666944
 -0.07367468 -0.07552862 -0.06033421 -0.03171349 -0.10250533  0.0242281
  0.01928425  0.11545196  0.01891971 -0.01937592 -0.10640174  0.02684867
  0.04449677  0.12179023  0.13297212  0.07319975  0.05369619 -0.07852709
 -0.0493598  -0.10964298 -0.05748528 -0.02211022  0.05775547 -0.04135716
  0.00848514  0.11314774  0.01139331 -0.02659845 -0.13278008 -0.04180908
 -0.00074391  0.06736732 -0.03692174  0.08831429 -0.08568618 -0.00200772
 -0.05281997 -0.04395866  0.03156523 -0.10777569  0.02443036 -0.03893241]"
8,Shouldve Said No,"It's strange to think the songs we used to sing
The smiles, the flowers, everything is gone
Yesterday I found out about you
Even now just looking at you
Feels wrong
You say that you'd take it all back
Given one chance, it was a moment of weakness
And you said, ""Yes""
You should've said, ""No""
You should've gone home
You should've thought twice 'fore you let it all go
You should've known that word 'bout what you did with her
Get back to me (get back to me)
And I should've been there
In the back of your mind
I shouldn't be asking myself, ""Why?""
You shouldn't be beggin' for forgiveness at my feet
You should've said, ""No""
Baby, and you might still have me
You can see that I've been cryin'
Baby, you know all the right things
To say
But do you honestly expect me to believe
We could ever be the same?
You say that the past is the past
You need one chance, it was a moment of weakness
And you said, ""Yes""
You should've said, ""No""
You should've gone home
You should've thought twice 'fore you let it all go
You should've known that word 'bout what you did with her
Get back to me (get back to me)
And I should've been there
In the back of your mind
I shouldn't be asking myself, ""Why?""
You shouldn't be beggin' for forgiveness at my feet
You should've said, ""No""
Baby, and you might still have me, oh-whoa
I can't resist
Before you go, tell me this
Was it worth it?
Was she worth this?
No, no, no, no, no, no
You should've said, ""No""
You should've gone home
You should've thought twice 'fore you let it all go
You should've known that word 'bout what you did with her
Get back to me (get back to me)
And I should've been there
In the back of your mind
I shouldn't be asking myself, ""Why?""
You shouldn't be beggin' for forgiveness at my feet
You should've said, ""No""
Baby, and you might still have me
",Taylor Swift (Debut),"['strange', 'think', 'song', 'used', 'sing', 'smile', 'flower', 'everything', 'gone', 'yesterday', 'found', 'even', 'looking', 'feel', 'wrong', 'say', 'take', 'back', 'given', 'one', 'chance', 'moment', 'weakness', 'said', 'yes', 'said', 'gone', 'home', 'thought', 'twice', 'fore', 'let', 'go', 'known', 'word', 'bout', 'get', 'back', 'get', 'back', 'back', 'mind', 'asking', 'beggin', 'forgiveness', 'foot', 'said', 'baby', 'might', 'still', 'see', 'cryin', 'baby', 'know', 'right', 'thing', 'say', 'honestly', 'expect', 'believe', 'could', 'ever', 'say', 'past', 'past', 'need', 'one', 'chance', 'moment', 'weakness', 'said', 'yes', 'said', 'gone', 'home', 'thought', 'twice', 'fore', 'let', 'go', 'known', 'word', 'bout', 'get', 'back', 'get', 'back', 'back', 'mind', 'asking', 'beggin', 'forgiveness', 'foot', 'said', 'baby', 'might', 'still', 'resist', 'go', 'tell', 'worth', 'worth', 'said', 'gone', 'home', 'thought', 'twice', 'fore', 'let', 'go', 'known', 'word', 'bout', 'get', 'back', 'get', 'back', 'back', 'mind', 'asking', 'beggin', 'forgiveness', 'foot', 'said', 'baby', 'might', 'still']","[[ 0.22558594  0.07275391 -0.0255127  ... -0.00952148 -0.01220703
   0.18261719]
 [-0.046875    0.06689453  0.00933838 ... -0.01196289  0.16503906
  -0.03173828]
 [ 0.23730469 -0.16796875  0.12695312 ... -0.23339844 -0.02185059
   0.04541016]
 ...
 [ 0.03393555  0.08349609 -0.12402344 ...  0.04882812 -0.28320312
   0.09814453]
 [ 0.22753906  0.12011719  0.06835938 ... -0.12988281  0.05151367
  -0.03088379]
 [ 0.23242188  0.02099609  0.02868652 ...  0.0144043   0.11035156
  -0.03564453]]","[ 0.05506092  0.03782425  0.02819584  0.08665394 -0.06060407  0.00201044
  0.09650658 -0.08917949  0.08796277  0.07280088 -0.04429374 -0.14624648
 -0.04219067  0.05497694 -0.10927527  0.08914016  0.07881777  0.11165733
 -0.00519279 -0.07012339 -0.01110191  0.07650492  0.09476309 -0.03560825
  0.02931658 -0.01044574 -0.06005998 -0.00484821  0.03958647 -0.00702532
 -0.04303531  0.07246877 -0.05615667 -0.01342269 -0.01230862 -0.00706662
  0.05190856 -0.03830551 -0.02892105  0.06187355  0.04959593 -0.08369181
  0.14581107 -0.06586991 -0.04654291  0.00740784 -0.05922657 -0.00113221
  0.00782884  0.03467848 -0.04553379  0.05956195 -0.02399186 -0.0183234
  0.02122582  0.01746855 -0.02127219 -0.02705131  0.0809814  -0.04585254
 -0.01102423  0.04540247 -0.05178641 -0.01363211  0.00239563 -0.04498291
 -0.03730272  0.07841615 -0.06439269  0.08911217  0.04955881  0.04165962
  0.0762084   0.06178031 -0.18464433 -0.04389713  0.06551667  0.10003313
  0.04385592  0.11833803  0.00498647 -0.02698042  0.06180627 -0.01897067
 -0.04788833 -0.04924768 -0.09053436  0.13828139  0.04088767  0.00182771
  0.05595915  0.08554651 -0.0503021  -0.09850678 -0.04909293 -0.08379515
  0.07549448  0.08670056 -0.00857688 -0.05361914 -0.13611032 -0.06033542
  0.05526825  0.02831551 -0.01211488 -0.05866103 -0.02521521 -0.05322327
  0.03197488 -0.03474102 -0.01149816  0.00891858  0.02919517  0.01161746
  0.02529361 -0.02388445  0.05105915  0.00303482  0.04017399  0.0400232
 -0.07654427  0.04425295 -0.07015054  0.06642565 -0.06471168 -0.01880235
 -0.04781017 -0.05080071 -0.02862128  0.00588443 -0.05229343 -0.14520264
 -0.03560272 -0.0322268  -0.03508656 -0.06453101  0.04818065  0.08312412
  0.00066238  0.10107473  0.04055732 -0.09176504  0.015687   -0.02731894
  0.02378049  0.05767492 -0.08236842 -0.09756386 -0.0731027  -0.05211069
  0.06684071  0.04418684 -0.1228926   0.07611997 -0.02946196  0.02477307
 -0.04918256 -0.05836733 -0.04362019 -0.01133271  0.02414505  0.05017823
  0.07519363 -0.0355036   0.02219418 -0.13717291  0.02269787 -0.06220394
  0.0189549  -0.01751385 -0.07650012 -0.00448933 -0.03048418 -0.05820399
 -0.04983989 -0.01148819  0.12910281 -0.04149213 -0.02506887  0.028417
 -0.07302905 -0.02828475  0.07144189  0.05024954 -0.01732485 -0.0453991
 -0.05151752  0.04999885  0.05250225  0.04774595  0.05618226 -0.01492394
  0.07342049  0.00348765 -0.02180757  0.04555974  0.02698811  0.00810374
 -0.06609915 -0.09431326 -0.00351331  0.02407573 -0.07150088 -0.0111154
  0.03456915 -0.01225352 -0.07538016 -0.01722831  0.04303947 -0.00415222
 -0.05528822  0.07863085 -0.01986448  0.00674943 -0.0984598  -0.01949809
  0.07940638 -0.00257405 -0.06848529 -0.02105473 -0.03663359 -0.02216585
 -0.02988908 -0.02633883  0.09715812 -0.05546651  0.05559378  0.06669172
 -0.03340365 -0.00295414 -0.00206396 -0.03787592 -0.02482833  0.02661469
  0.03394516  0.06499163  0.00240782 -0.08138822  0.07706848  0.02007474
  0.04795882  0.0035744  -0.04833702 -0.09023087 -0.01358157  0.046256
 -0.00549542  0.04395324  0.10122969 -0.00491958  0.02981591  0.01927606
  0.08933907  0.06088714  0.03234202 -0.04399001  0.0133983   0.04968863
 -0.04253357 -0.08878813 -0.06908309 -0.00338598 -0.077574    0.04481194
  0.04154875  0.09406418  0.02440649 -0.01857487 -0.0742882  -0.00373155
  0.05343451  0.07283632  0.13677958 -0.00870256  0.060389   -0.06546405
 -0.07611889 -0.11077064 -0.01320354 -0.0208855   0.01138762 -0.04428485
  0.0094232   0.04770762  0.01527429 -0.00833226 -0.08119718  0.0358656
  0.01209049  0.07278466 -0.05622708  0.07371101 -0.08840978  0.01672988
 -0.04346592 -0.00668311  0.01879441 -0.04916325  0.03255751 -0.02838531]"
9,Marys Song (Oh My My My),"She said, I was seven and you were nine
I looked at you like the stars that shine
In the sky, the pretty lights
And our daddies used to joke about the two of us
Growing up and falling in love and our mamas smiled
And rolled their eyes and said oh my my my
Take me back to the house in the backyard tree
Said you'd beat me up, you were bigger than me
You never did, you never did
Take me back when our world was one block wide
I dared you to kiss me and ran when you tried
Just two kids, you and I
Oh my my my my
Well, I was sixteen when suddenly
I wasn't that little girl you used to see
But your eyes still shined like pretty lights
And our daddies used to joke about the two of us
They never believed we'd really fall in love
And our mamas smiled and rolled their eyes
And said oh my my my
Take me back to the creek beds we turned up
Two A.M. riding in your truck and all I need is you next to me
Take me back to the time we had our very first fight
The slamming of doors instead of kissing goodnight
You stayed outside till the morning light
Oh my my my my
A few years had gone and come around
We were sitting at our favorite spot in town
And you looked at me, got down on one knee
Take me back to the time when we walked down the aisle
Our whole town came and our mamas cried
You said I do and I did too
Take me home where we met so many years before
We'll rock our babies on that very front porch
After all this time, you and I
I'll be eighty-seven; you'll be eighty-nine
I'll still look at you like the stars that shine
In the sky, oh my my my
",Taylor Swift (Debut),"['said', 'seven', 'nine', 'looked', 'like', 'star', 'shine', 'sky', 'pretty', 'light', 'daddy', 'used', 'joke', 'two', 'u', 'growing', 'falling', 'love', 'mama', 'smiled', 'rolled', 'eye', 'said', 'take', 'back', 'house', 'backyard', 'tree', 'said', 'beat', 'bigger', 'never', 'never', 'take', 'back', 'world', 'one', 'block', 'wide', 'dared', 'kiss', 'ran', 'tried', 'two', 'kid', 'well', 'sixteen', 'suddenly', 'little', 'girl', 'used', 'see', 'eye', 'still', 'shined', 'like', 'pretty', 'light', 'daddy', 'used', 'joke', 'two', 'u', 'never', 'believed', 'really', 'fall', 'love', 'mama', 'smiled', 'rolled', 'eye', 'said', 'take', 'back', 'creek', 'bed', 'turned', 'two', 'riding', 'truck', 'need', 'next', 'take', 'back', 'time', 'first', 'fight', 'slamming', 'door', 'instead', 'kissing', 'goodnight', 'stayed', 'outside', 'till', 'morning', 'light', 'year', 'gone', 'come', 'around', 'sitting', 'favorite', 'spot', 'town', 'looked', 'got', 'one', 'knee', 'take', 'back', 'time', 'walked', 'aisle', 'whole', 'town', 'came', 'mama', 'cried', 'said', 'take', 'home', 'met', 'many', 'year', 'rock', 'baby', 'front', 'porch', 'time', 'eighty', 'seven', 'eighty', 'nine', 'still', 'look', 'like', 'star', 'shine', 'sky']","[[-0.00909424 -0.04418945  0.09960938 ...  0.14453125  0.18066406
  -0.08691406]
 [ 0.10888672 -0.05493164 -0.02026367 ...  0.00164032 -0.17285156
  -0.07080078]
 [ 0.13183594 -0.04443359 -0.02258301 ...  0.07275391 -0.15234375
  -0.09765625]
 ...
 [ 0.1640625   0.18847656  0.14160156 ... -0.07128906 -0.10205078
   0.01446533]
 [-0.12402344  0.25976562 -0.15917969 ... -0.09912109  0.07519531
  -0.12792969]
 [ 0.05664062 -0.03344727 -0.12304688 ... -0.13574219  0.1328125
  -0.39648438]]","[ 0.05103383  0.03660226  0.02802304  0.05322525 -0.01866776 -0.07238491
  0.04521028 -0.10896929  0.06604541  0.11423774  0.02977325 -0.11814285
 -0.00338485  0.02049634 -0.11554991  0.02828541  0.03486514  0.10915542
 -0.0076867  -0.02958035 -0.03341829  0.06185199  0.05014782 -0.0326326
  0.06370728 -0.04421088 -0.05095034  0.04215549  0.04339654 -0.01341367
 -0.04938621  0.00884101 -0.02813794 -0.00423633 -0.00180768 -0.04758795
  0.06769059 -0.04883646 -0.00180733  0.07044084  0.07117457 -0.09882285
  0.15135577 -0.04014457  0.00488856  0.00672831 -0.06476328 -0.03001198
  0.04433025  0.03450797 -0.05460266  0.06476328 -0.01070807 -0.02564115
 -0.00604172 -0.00070196 -0.00325326 -0.02807087  0.05279271 -0.05745875
 -0.05419229  0.06376497 -0.03393865 -0.05131877 -0.00325488  0.00707433
 -0.04776802  0.05618002 -0.05435343  0.10629483  0.04393638  0.04267266
  0.08579292  0.0587014  -0.1678759  -0.00943459  0.05482521  0.04582084
  0.06137702  0.0936618   0.05366861 -0.03370382  0.02547082 -0.07713015
 -0.02356671  0.00164827 -0.06049742  0.07482315  0.02242836  0.01537794
  0.03352378  0.07909033 -0.05293754 -0.0542463  -0.10293428 -0.06357082
  0.04050766  0.05092648 -0.01250977 -0.06208344 -0.09578796 -0.08056448
  0.06697557 -0.02433352 -0.006954   -0.0573376   0.03347454 -0.02991545
  0.00266523 -0.04738969 -0.02962121  0.0024426   0.00901524 -0.03358344
  0.10902264 -0.02304359  0.02889275 -0.00976651  0.03918338  0.05067287
 -0.05509207  0.01161876 -0.04839536  0.02337084 -0.01734794 -0.0152168
 -0.01957686 -0.04175216  0.01721516  0.0152692  -0.07624871 -0.10620507
 -0.02688873 -0.00558645 -0.0314093  -0.01497742  0.04071743  0.0221534
  0.00443973  0.07735037  0.02220652 -0.05135329  0.01973524  0.00116335
  0.03141517  0.10225012 -0.06839915 -0.10596785 -0.04944078 -0.07322368
  0.06558466  0.06490526 -0.10911419  0.05655037 -0.04206783  0.03147066
 -0.0596557  -0.09295698 -0.01412271 -0.00160401 -0.01544192  0.05717948
  0.11075728  0.00064877  0.03553225 -0.10298449  0.02587041 -0.0637071
  0.0283421  -0.04990447 -0.10037361 -0.00461216 -0.01982712 -0.0457109
 -0.04955108 -0.03153539  0.0896377  -0.06118833 -0.01081009  0.04491046
 -0.08184046 -0.05977266  0.05539498  0.04248621 -0.00945612 -0.02229439
 -0.02471795  0.03846654  0.07186029  0.01290179  0.0996216  -0.05291313
  0.06275495  0.02049867 -0.01815184  0.10781092  0.02302743  0.00757366
 -0.03151784 -0.08197184 -0.00335336  0.02572329 -0.04672141 -0.04375117
  0.06533131 -0.04472708 -0.02927627 -0.00443739  0.01580399 -0.0074194
 -0.04988607  0.07174239 -0.02334205 -0.00368711 -0.05181567 -0.00273446
  0.05904767  0.01309832 -0.10215175 -0.04442061 -0.02885123  0.04335731
  0.02270951 -0.0253943   0.05178546 -0.06527028  0.04342771  0.02521791
 -0.00396393 -0.04506602  0.00474581 -0.03572029 -0.02445313  0.03710439
  0.04392627  0.02068345 -0.01498786 -0.09792961  0.06045089  0.02518596
  0.06540375  0.05559394 -0.04268777 -0.10054772 -0.01858536  0.02847352
  0.02173147 -0.01256156  0.05525435 -0.05103881  0.01042938  0.01201121
  0.08707564  0.07087442  0.04026935 -0.01185621 -0.03330398 -0.00189334
 -0.08812681 -0.0825699  -0.0746309  -0.03308441 -0.06085752  0.04394039
  0.0879233   0.10764048 -0.00500954  0.01268438 -0.07939797  0.05845123
  0.04203207  0.07477605  0.09631066  0.0292182   0.08610244 -0.08667035
 -0.10229611 -0.0972843  -0.05074285 -0.02585023  0.03375058 -0.00509048
  0.02575352  0.08872412  0.01063657 -0.04610416 -0.09799281  0.03318797
 -0.01083971  0.07454305 -0.05474762  0.06043563 -0.11757857  0.01557178
 -0.05055118 -0.01605008  0.00851231 -0.0605024   0.00967537 -0.03084039]"
